wavelength,molar_extinction_L_per_mol_cm
300.35,41806.62
300.82,41560.32
301.29,41461.4
301.76,41233.51
302.23,41169.06
302.7,41086.91
303.16,40980.54
303.63,40892.53
304.1,40791.12
304.57,40702.58
305.04,40536.61
305.51,40448.52
305.97,40361.02
306.44,40454.38
306.91,40347.51
307.38,40281.34
307.85,40200.5
308.31,40212.26
308.78,40155.72
309.25,40178.08
309.72,40205.09
310.19,40349.94
310.65,40361.29
311.12,40430.58
311.59,40245.4
312.06,40364.14
312.53,40368.63
312.99,40324.65
313.46,40273.46
313.93,40272.97
314.4,40285.37
314.86,40456.81
315.33,40322.32
315.8,40308.98
316.27,40296.82
316.73,40318.75
317.2,40334.67
317.67,40348.46
318.14,40300.98
318.6,40332.53
319.07,40401.46
319.54,40326.3
320.01,40230.17
320.47,40288.76
320.94,40359.12
321.41,40332.06
321.87,40363
322.34,40184.29
322.81,40073.72
323.28,40158.65
323.74,40102.22
324.21,39984.98
324.68,39933.73
325.14,39806.96
325.61,39657
326.08,39651.53
326.54,39546.04
327.01,39397.16
327.48,39394.78
327.94,39369.17
328.41,39224.96
328.88,39180.23
329.34,39045.43
329.81,38878.61
330.28,38743.39
330.74,38543.22
331.21,38188.75
331.68,38065.34
332.14,37895.15
332.61,37660.87
333.08,37458.72
333.54,37336.34
334.01,37113.39
334.48,36855.06
334.94,36688.93
335.41,36517.51
335.87,36389.71
336.34,36234.32
336.81,36024.73
337.27,35908.91
337.74,35728.97
338.21,35480.15
338.67,35126.95
339.14,34710.44
339.6,34602.92
340.07,34427.3
340.54,34042.89
341,33901.51
341.47,33750.01
341.93,33549.33
342.4,33127.86
342.86,32832.77
343.33,32570.23
343.8,32439.8
344.26,32327.26
344.73,31947.18
345.19,31503.22
345.66,31258.89
346.12,30949.77
346.59,30585.83
347.06,30300.38
347.52,30080.6
347.99,29964.54
348.45,29642.39
348.92,29202.2
349.38,28971.63
349.85,28843.66
350.31,28698.46
350.78,28365.52
351.24,27978.34
351.71,27617.41
352.17,27271.95
352.64,26794.26
353.1,26388.43
353.57,26004.61
354.03,25911.91
354.5,25451.92
354.96,24886.86
355.43,24502.77
355.89,24385.43
356.36,24114.14
356.82,23814.11
357.29,23341.83
357.75,23170.19
358.22,22936.23
358.68,22792.99
359.15,22371.14
359.61,22179.93
360.08,22077.27
360.54,21841.02
361.01,21510.9
361.47,21148.06
361.94,20910.72
362.4,20833.23
362.86,20530.28
363.33,20215.76
363.79,19954.06
364.26,19668.72
364.72,19361.04
365.19,18991.98
365.65,18830.67
366.12,18572.36
366.58,18377.88
367.04,18149.05
367.51,17934.06
367.97,17882.89
368.44,17618.45
368.9,17384.36
369.36,17317.37
369.83,17310.93
370.29,17218.36
370.76,17073.85
371.22,16909.47
371.68,16781.97
372.15,16608.68
372.61,16496.9
373.08,16282.82
373.54,16458.8
374,16281.82
374.47,16098.46
374.93,15999.58
375.39,15872.45
375.86,15540.65
376.32,15356.01
376.79,15267.71
377.25,15150.24
377.71,14958.31
378.18,14770.71
378.64,14537.65
379.1,14428.94
379.57,14370.54
380.03,14210.83
380.49,14073.5
380.96,14136.21
381.42,14003.55
381.88,13875.06
382.35,13841.04
382.81,13830.95
383.27,13989.15
383.74,13709.9
384.2,13706.57
384.66,13512.98
385.12,13337.76
385.59,13284.99
386.05,13148.23
386.51,13228.75
386.98,13167.4
387.44,13166.56
387.9,13088.55
388.37,12786.9
388.83,12703.63
389.29,12674.54
389.75,12656.62
390.22,12722.62
390.68,12869.91
391.14,12927.77
391.6,12858.69
392.07,12923.27
392.53,12725.9
392.99,12776.49
393.45,12901.93
393.92,12967.4
394.38,12952.92
394.84,13101.29
395.3,12945.12
395.77,12784.67
396.23,12695.32
396.69,12606.13
397.15,12671.13
397.62,12650.51
398.08,12519.03
398.54,12484.31
399,12444.04
399.46,12532.43
399.93,12173.59
400.39,12286.39
400.85,12250.9
401.31,12237.88
401.77,12251.44
402.24,12347.38
402.7,12411.77
403.16,12468.62
403.62,12397.59
404.08,12401.79
404.55,12252.71
405.01,12410.43
405.47,12317.75
405.93,12378.65
406.39,12256.66
406.85,12222.28
407.32,11977.09
407.78,12002.02
408.24,11789.2
408.7,11646.97
409.16,11666.53
409.62,11521
410.08,11532.16
410.55,11542.83
411.01,11437.55
411.47,11550.94
411.93,11539.52
412.39,11561.77
412.85,11509.7
413.31,11652.42
413.78,11744.18
414.24,11631.81
414.7,11595.93
415.16,11437.35
415.62,11492.35
416.08,11424.14
416.54,11220.91
417,11069.62
417.46,10899.64
417.92,10817.93
418.39,10733.03
418.85,10558.65
419.31,10572.15
419.77,10665.69
420.23,10829.68
420.69,10787.61
421.15,10736.39
421.61,10930.66
422.07,10987.73
422.53,10910.14
422.99,10820.67
423.45,10829.76
423.91,11016.4
424.37,10855.6
424.84,10876.96
425.3,10664.11
425.76,10566.48
426.22,10561.46
426.68,10330.35
427.14,10251.04
427.6,10328.04
428.06,10296.13
428.52,10281.27
428.98,10149.67
429.44,10308.63
429.9,10370.72
430.36,10402.3
430.82,10360.01
431.28,10338.47
431.74,10440.66
432.2,10541.17
432.66,10684.71
433.12,10731.33
433.58,10647.91
434.04,10679.28
434.5,10608.46
434.96,10468.75
435.42,10536.93
435.88,10513.17
436.34,10660.89
436.8,10521.67
437.26,10562.06
437.72,10408.07
438.18,10485.68
438.64,10541.4
439.1,10615.6
439.56,10621.21
440.01,10670.11
440.47,10630.91
440.93,10677.86
441.39,10658.41
441.85,10787.82
442.31,10710.09
442.77,10662.5
443.23,10654.64
443.69,10587.14
444.15,10591.11
444.61,10586.27
445.07,10541.29
445.53,10647.74
445.99,10695.67
446.44,10785.73
446.9,10696.22
447.36,10839.01
447.82,10959.06
448.28,10965.08
448.74,11036.88
449.2,11027.63
449.66,11219.13
450.12,11315.3
450.58,11366.98
451.03,11299.83
451.49,11246.84
451.95,11464.23
452.41,11483.71
452.87,11628.47
453.33,11689.48
453.79,11797.02
454.24,11821.46
454.7,11788.22
455.16,11849.57
455.62,11884.62
456.08,12097.26
456.54,12210.04
457,12253.85
457.45,12319.27
457.91,12349.95
458.37,12480.03
458.83,12631.53
459.29,12827.2
459.75,12965.73
460.2,13097.68
460.66,13210.04
461.12,13286.83
461.58,13377.33
462.04,13491.88
462.49,13587.83
462.95,13716.68
463.41,13805.09
463.87,13952.12
464.33,14037.22
464.78,14201.3
465.24,14319.03
465.7,14456.84
466.16,14586.13
466.62,14781.77
467.07,14921.28
467.53,15125.44
467.99,15258.89
468.45,15494.68
468.9,15583.07
469.36,15730.87
469.82,15731.02
470.28,15919.71
470.74,16069.26
471.19,16208.37
471.65,16252.64
472.11,16357.83
472.57,16543.94
473.02,16600.06
473.48,16812.42
473.94,16729.74
474.39,16900.05
474.85,17158.65
475.31,17252.01
475.77,17467.6
476.22,17668.09
476.68,17797.98
477.14,17918.48
477.59,18019.71
478.05,18210.21
478.51,18164.49
478.97,18518.34
479.42,18696.21
479.88,18919.49
480.34,19041.73
480.79,19180.91
481.25,19464.4
481.71,19647.77
482.16,19909.52
482.62,19904.03
483.08,20084.19
483.53,20320.49
483.99,20468.55
484.45,20609.76
484.9,20664.83
485.36,20913.98
485.82,21030.99
486.27,21179.38
486.73,21394.87
487.19,21643.49
487.64,21856.26
488.1,21869.66
488.56,22132.33
489.01,22290.27
489.47,22332.83
489.93,22520.09
490.38,22743
490.84,22841.36
491.29,22921.73
491.75,23091.31
492.21,23112.8
492.66,23450.25
493.12,23744.25
493.58,23848.29
494.03,23992.45
494.49,24214.34
494.94,24382.04
495.4,24394.54
495.86,24541.88
496.31,24680.08
496.77,24861.49
497.22,25144.37
497.68,25251.12
498.13,25424.62
498.59,25456.04
499.05,25520.3
499.5,25667.96
499.96,25816.75
500.41,26013.74
500.87,26349.09
501.32,26605.96
501.78,26671.57
502.24,26780.62
502.69,26948.62
503.15,27090.55
503.6,27316.34
504.06,27472.63
504.51,27625.86
504.97,27817.07
505.42,28023.03
505.88,27994.62
506.33,27960.12
506.79,28177.17
507.24,28155.36
507.7,28249.84
508.16,28340.2
508.61,28447.27
509.07,28632.98
509.52,28777.85
509.98,28878.21
510.43,28790.17
510.89,28974.71
511.34,29234.21
511.8,29360.84
512.25,29576.86
512.71,29755.75
513.16,29896.82
513.61,30194.91
514.07,30462.61
514.52,30802.9
514.98,31039.12
515.43,31357.4
515.89,31413.08
516.34,31420.88
516.8,31409.57
517.25,31424.16
517.71,31475.19
518.16,31544.76
518.62,31449.18
519.07,31308.35
519.52,31197.27
519.98,31137.01
520.43,31203.17
520.89,31214.2
521.34,31323.52
521.8,31429.92
522.25,31754.59
522.71,31747.59
523.16,31924.35
523.61,32109.2
524.07,32302.5
524.52,32250.64
524.98,32558.2
525.43,32634.68
525.88,32804.36
526.34,32772.99
526.79,32869.52
527.25,32682.75
527.7,32927.31
528.15,32837.8
528.61,32856.2
529.06,32944.3
529.52,33076.63
529.97,32861.62
530.42,32770.42
530.88,32759.5
531.33,32753.85
531.78,32850.37
532.24,32965.22
532.69,32765.11
533.14,32657.26
533.6,32549.03
534.05,32591.16
534.51,32645.89
534.96,32617.5
535.41,32672.01
535.87,32855.85
536.32,32881.24
536.77,32687.95
537.23,32617.5
537.68,32641.8
538.13,32876.58
538.59,33011.16
539.04,32988.58
539.49,32833.84
539.95,32825.24
540.4,32931.83
540.85,32684.97
541.3,32731.37
541.76,32783.79
542.21,32741.56
542.66,32656.89
543.12,32671.4
543.57,32564.96
544.02,32482.71
544.48,32396.71
544.93,32363.8
545.38,32125.27
545.83,32138.25
546.29,31989.03
546.74,31866.15
547.19,31825.29
547.64,31903.32
548.1,31637.34
548.55,31504.79
549,31477.94
549.45,31498.95
549.91,31513.19
550.36,31476.83
550.81,31433.04
551.26,31390.76
551.72,31339.46
552.17,31227.2
552.62,30950.89
553.07,30985.28
553.53,31006.44
553.98,30898.25
554.43,30764.11
554.88,30587.61
555.34,30397.32
555.79,30235.52
556.24,30121.23
556.69,30072.04
557.14,30041.43
557.6,29805.48
558.05,29694.9
558.5,29399.37
558.95,29299.77
559.4,29172.08
559.86,28914.92
560.31,28884.44
560.76,28697.02
561.21,28700.34
561.66,28513.73
562.11,28428.91
562.57,28534.73
563.02,28284.13
563.47,28292.88
563.92,28087.42
564.37,27992.99
564.82,27797.62
565.28,27619.74
565.73,27538.64
566.18,27311.95
566.63,27167.58
567.08,26986.08
567.53,26797.96
567.98,26734.43
568.44,26642.56
568.89,26510.39
569.34,26405.67
569.79,26384.76
570.24,26245.06
570.69,26111.24
571.14,25910.69
571.6,25858.34
572.05,25745.97
572.5,25646
572.95,25539.65
573.4,25362.97
573.85,25137.22
574.3,24921.12
574.75,24877.09
575.2,24685.05
575.65,24570.96
576.11,24524.04
576.56,24409.58
577.01,24260.63
577.46,24165.39
577.91,23981.8
578.36,23831.09
578.81,23873.66
579.26,23828.27
579.71,23768.21
580.16,23814.97
580.61,23708.18
581.06,23574.95
581.51,23246.51
581.96,23090.58
582.41,22992.36
582.86,22875.73
583.32,22810.84
583.77,22550.42
584.22,22453.64
584.67,22262.16
585.12,22084.37
585.57,21881.19
586.02,21682.69
586.47,21634.89
586.92,21357.83
587.37,21206.2
587.82,21196.74
588.27,21094.38
588.72,21021.21
589.17,20817.61
589.62,20714.87
590.07,20503.23
590.52,20445.48
590.97,20243.67
591.42,20115.02
591.87,20054.04
592.32,19929.74
592.77,19717.72
593.22,19392.02
593.67,19189.19
594.12,19016.59
594.57,18723.41
595.02,18554.12
595.47,18274.91
595.92,18190.71
596.37,18015.77
596.81,17859.24
597.26,17592.19
597.71,17425.18
598.16,17126.38
598.61,16815.5
599.06,16510.89
599.51,16343.86
599.96,16217.97
600.41,15903.7
600.86,15739.45
601.31,15532.78
601.76,15444.85
602.21,15321.29
602.66,15040.08
603.11,15040.59
603.56,14860.45
604,14840.83
604.45,14649.28
604.9,14456.34
605.35,14447.61
605.8,14146.77
606.25,13919.88
606.7,13635.19
607.15,13475.2
607.6,13313.22
608.05,13110.6
608.49,13050.38
608.94,12864.4
609.39,12790.82
609.84,12635.38
610.29,12511.8
610.74,12430.53
611.19,12288.23
611.64,12157.12
612.08,11840.97
612.53,11624.81
612.98,11432.74
613.43,11317.26
613.88,11195.07
614.33,11048.26
614.78,10937.56
615.22,10762.5
615.67,10560.38
616.12,10432.78
616.57,10211.39
617.02,10158.44
617.47,10039.77
617.91,9898.056
618.36,9754.746
618.81,9587.806
619.26,9295.084
619.71,9060.478
620.15,9057.902
620.6,8886.321
621.05,8792.863
621.5,8695.14
621.95,8621.213
622.39,8515.923
622.84,8379.602
623.29,8237.37
623.74,8051.051
624.19,8121.047
624.63,8063.246
625.08,7779.653
625.53,7788.527
625.98,7683.814
626.43,7576.003
626.87,7345.394
627.32,7227.426
627.77,7165.931
628.22,6980.252
628.66,6805.379
629.11,6687.882
629.56,6527.524
630.01,6402.497
630.45,6286.217
630.9,6138.662
631.35,6040.288
631.8,6078.639
632.24,6035.263
632.69,5927.567
633.14,5815.925
633.59,5821.768
634.03,5597.095
634.48,5512.752
634.93,5468.858
635.37,5291.878
635.82,5228.112
636.27,5169.775
636.72,5051.167
637.16,4957.875
637.61,4853.579
638.06,4860.788
638.5,4785.78
638.95,4741.646
639.4,4662.586
639.84,4630.183
640.29,4598.757
640.74,4619.146
641.18,4483.592
641.63,4433.63
642.08,4377.814
642.52,4306.671
642.97,4236.782
643.42,4178.604
643.86,4103.913
644.31,4036.221
644.76,3962.528
645.2,3948.647
645.65,3877.149
646.1,3887.088
646.54,3743.667
646.99,3647.91
647.44,3683.434
647.88,3552.776
648.33,3436.822
648.78,3388.72
649.22,3345.287
649.67,3243.984
650.12,3136.16
650.56,2984.384
651.01,2943.818
651.45,2943.067
651.9,2875.381
652.35,2793.439
652.79,2794.92
653.24,2786.932
653.68,2763.744
654.13,2702.5
654.58,2723.292
655.02,2747.518
655.47,2713.521
655.91,2646.22
656.36,2595.074
656.81,2545.584
657.25,2522.363
657.7,2590.503
658.14,2576.751
658.59,2532.859
659.03,2586.033
659.48,2419.97
659.93,2384.268
660.37,2458.136
660.82,2428.175
661.26,2386.237
661.71,2409.675
662.15,2386.423
662.6,2310.848
663.04,2273.229
663.49,2259.857
663.94,2193.076
664.38,2262.575
664.83,2160.573
665.27,2040.211
665.72,2022.19
666.16,1978.588
666.61,1938.688
667.05,1822.917
667.5,1739.633
667.94,1707.355
668.39,1663.85
668.83,1683.673
669.28,1591.859
669.72,1605.241
670.17,1578.689
670.61,1560.797
671.06,1565.924
671.5,1539.854
671.95,1547.321
672.39,1548.367
672.84,1538.501
673.28,1593.096
673.73,1543.424
674.17,1608.736
674.62,1549.54
675.06,1564.394
675.51,1534.994
675.95,1551.254
676.4,1561.521
676.84,1571.49
677.28,1523.822
677.73,1562.984
678.17,1424.079
678.62,1426.875
679.06,1359.748
679.51,1427.919
679.95,1471.371
680.4,1490.087
680.84,1398.876
681.28,1392.995
681.73,1351.828
682.17,1340.917
682.62,1368.629
683.06,1451.925
683.51,1424.684
683.95,1458.534
684.39,1449.921
684.84,1429.651
685.28,1426.615
685.73,1563.98
686.17,1537.424
686.61,1595.536
687.06,1563.149
687.5,1449.098
687.95,1376.916
688.39,1326.192
688.83,1323.104
689.28,1220.82
689.72,1174.182
690.17,1033.464
690.61,883.6743
691.05,794.3841
691.5,767.7214
691.94,753.6182
692.38,768.6196
692.83,800.5668
693.27,832.6038
693.71,697.2225
694.16,747.7382
694.6,701.4005
695.05,734.5508
695.49,683.7673
695.93,734.6153
696.38,598.9308
696.82,608.6425
697.26,537.7651
697.71,498.6285
698.15,469.3625
698.59,520.6822
699.04,458.1151
699.48,491.7666
699.92,571.5188
700.37,654.6193
700.81,647.7561
701.25,747.2575
701.69,728.4897
702.14,786.2108
702.58,637.3238
703.02,573.8996
703.47,627.5549
703.91,657.1627
704.35,587.8744
704.8,400.8347
705.24,315.6169
705.68,207.441
706.12,169.1682
706.57,186.2863
707.01,160.1928
707.45,271.6746
707.89,362.1076
708.34,243.9735
708.78,122.5646
709.22,100.1548
709.67,216.5259
710.11,252.381
710.55,284.276
710.99,260.1926
711.44,250.8005
711.88,268.4575
712.32,227.1601
712.76,181.4368
713.2,240.7004
713.65,432.4451
714.09,494.6979
714.53,503.5235
714.97,494.6299
715.42,494.6299
715.86,527.3073
716.3,586.3941
716.74,542.4889
717.19,593.5648
717.63,534.6814
718.07,563.5862
718.51,416.1617
718.95,329.5381
719.4,235.9305
719.84,255.6745
720.28,259.1863
720.72,193.5136
721.16,128.7268
721.6,151.8062
722.05,168.7649
722.49,170.8507
722.93,71.35459
723.37,111.5688
723.81,113.5012
724.26,177.835
724.7,132.5178
725.14,97.17994
725.58,121.7314
726.02,123.6187
726.46,112.5509
726.91,-4.8979
727.35,-2.84559
727.79,68.3754
728.23,96.33743
728.67,132.5601
729.11,122.9381
729.55,178.1167
729.99,187.4612
730.44,205.1751
730.88,126.0279
731.32,80.02872
731.76,123.8792
732.2,120.4709
732.64,38.84728
733.08,4.504561
733.52,-9.9049
733.97,-57.0349
734.41,-96.7667
734.85,-142.797
735.29,-164.795
735.73,-131.076
736.17,-114.836
736.61,-89.7812
737.05,-223.436
737.49,-197.612
737.93,-224.677
738.38,-258.653
738.82,-205.704
739.26,-228.572
739.7,-175.352
740.14,-164.231
740.58,-144.785
741.02,-121.334
741.46,-177.704
741.9,-72.8845
742.34,0.133401
742.78,-26.311
743.22,18.23991
743.66,-38.8964
744.1,-26.126
744.54,-73.6847
744.98,-112.678
745.43,-110.699
745.87,-151.498
746.31,-160.213
746.75,-175.76
747.19,-189.688
747.63,-134.088
748.07,-165.199
748.51,-143.21
748.95,-253.153
749.39,-217.58
749.83,-237.754
750.27,-218.781
750.71,-206.995
751.15,-131.669
751.59,-70.8054
752.03,-109.421
752.47,-181.379
752.91,-123.619
753.35,-128.104
753.79,-101.359
754.23,-71.1257
754.67,-40.3349
755.11,-45.1838
755.55,-124.145
755.99,-114.294
756.43,-193.709
756.87,-276.003
757.31,-276.788
757.75,-337.345
758.19,-392.48
758.62,-393.634
759.06,-411.051
759.5,-450.173
759.94,-531.687
760.38,-478.362
760.82,-542.104
761.26,-498.375
761.7,-429.766
762.14,-380.54
762.58,-448.559
763.02,-335.049
763.46,-269.731
763.9,-287.784
764.34,-263.936
764.78,-257.973
765.22,-265.788
765.65,-243.288
766.09,-226.447
766.53,-154.834
766.97,-149.013
767.41,-105.266
767.85,-193.642
768.29,-183.358
768.73,-172.669
769.17,-216.867
769.61,-152.108
770.04,-141.499
770.48,-176.136
770.92,-255.024
771.36,-365.292
771.8,-361.336
772.24,-367.976
772.68,-390.156
773.12,-454.304
773.56,-474.483
773.99,-470.702
774.43,-452.374
774.87,-510.121
775.31,-429.586
775.75,-379.858
776.19,-402.84
776.63,-447.579
777.06,-462.592
777.5,-477.842
777.94,-466.555
778.38,-417.767
778.82,-408.075
779.26,-441.971
779.69,-365.996
780.13,-429.205
780.57,-462.014
781.01,-527.432
781.45,-558.855
781.89,-539.052
782.32,-484.285
782.76,-487.391
783.2,-594.838
783.64,-581.586
784.08,-621.009
784.51,-748.473
784.95,-699.109
785.39,-669.811
785.83,-575.301
786.27,-568.638
786.7,-546.516
787.14,-587.392
787.58,-559.125
788.02,-532.251
788.45,-553.661
788.89,-574.906
789.33,-466.6
789.77,-567.653
790.21,-604.927
790.64,-603.286
791.08,-575.75
791.52,-564.013
791.96,-592.514
792.39,-584.937
792.83,-527.271
793.27,-512.03
793.71,-542.29
794.14,-536.941
794.58,-466.316
795.02,-484.042
795.46,-473.051
795.89,-463.571
796.33,-575.17
796.77,-566.135
797.21,-561.719
797.64,-611.211
798.08,-565.638
798.52,-501.763
798.95,-518.75
799.39,-514.632
799.83,-523.156
800.27,-509.55
800.7,-526.431
801.14,-481.882
801.58,-418.894
802.01,-509.831
802.45,-446.614
802.89,-448.106
803.32,-457.122
803.76,-470.946
804.2,-532.617
804.63,-482.179
805.07,-422.136
805.51,-359.659
805.94,-261.628
806.38,-343.905
806.82,-230.56
807.25,-281.548
807.69,-302.4
808.13,-275.28
808.56,-314.361
809,-318.611
809.44,-363.604
809.87,-482.567
810.31,-570.689
810.75,-551.587
811.18,-521.546
811.62,-611.203
812.06,-593.293
812.49,-663.599
812.93,-626.862
813.37,-689.494
813.8,-576.23
814.24,-586.435
814.67,-571.102
815.11,-571.849
815.55,-606.614
815.98,-561.933
816.42,-590.494
816.85,-693.722
817.29,-668.46
817.73,-861.921
818.16,-870.455
818.6,-1026.1
819.03,-1044.84
819.47,-1093.96
819.91,-1056.08
820.34,-1085.89
820.78,-1075.58
821.21,-1084.97
821.65,-1003.21
822.09,-1047.38
822.52,-964.229
822.96,-826.727
823.39,-778.739
823.83,-708.772
824.26,-678.641
824.7,-731.973
825.14,-788.667
825.57,-723.797
826.01,-706.674
826.44,-658.757
826.88,-615.409
827.31,-584.087
827.75,-599.167
828.18,-579.169
828.62,-580.983
829.05,-520.509
829.49,-467.967
829.92,-417.707
830.36,-463.533
830.8,-463.702
831.23,-475.881
831.67,-480.981
832.1,-440.314
832.54,-468.065
832.97,-578.017
833.41,-540.544
833.84,-587.059
834.28,-645.48
834.71,-736.221
835.15,-754.989
835.58,-708.641
836.02,-774.436
836.45,-767.566
836.89,-832.894
837.32,-863.906
837.76,-766.185
838.19,-782.236
838.63,-763.035
839.06,-709.006
839.49,-617.852
839.93,-673.25
840.36,-767.029
840.8,-731.053
841.23,-750.64
841.67,-759.26
842.1,-599.231
842.54,-596.706
842.97,-718.382
843.41,-685.558
843.84,-780.031
844.27,-799.535
844.71,-822.384
845.14,-698.151
845.58,-674.544
846.01,-685.494
846.45,-598.657
846.88,-727.027
847.32,-804.017
847.75,-760.183
848.18,-810.035
848.62,-696.374
849.05,-748.853
849.49,-679.403
849.92,-732.771
850.35,-768.718
850.79,-719.373
851.22,-717.295
851.66,-759.915
852.09,-642.52
852.52,-639.084
852.96,-611.013
853.39,-589.014
853.83,-494.166
854.26,-573.056
854.69,-524.09
855.13,-470.34
855.56,-479.091
855.99,-569.661
856.43,-487.513
856.86,-583.915
857.3,-548.989
857.73,-578.011
858.16,-646.657
858.6,-696.878
859.03,-557.193
859.46,-582.155
859.9,-628.252
860.33,-631.528
860.76,-574.261
861.2,-625.903
861.63,-617.598
862.06,-685.534
862.5,-722.792
862.93,-677.765
863.36,-723.737
863.8,-807.86
864.23,-791.719
864.66,-863.172
865.1,-836.327
865.53,-885.181
865.96,-852.828
866.4,-830.064
866.83,-737.253
867.26,-702.473
867.7,-739.666
868.13,-725.3
868.56,-712.321
869,-710.573
869.43,-640.419
869.86,-690.042
870.29,-709.103
870.73,-702.445
871.16,-631.236
871.59,-612.462
872.03,-612.259
872.46,-601.057
872.89,-584.492
873.32,-660.807
873.76,-617.602
874.19,-608.051
874.62,-584.181
875.05,-553.769
875.49,-599.466
875.92,-628.742
876.35,-650.704
876.78,-673.436
877.22,-651.337
877.65,-613.165
878.08,-593.427
878.51,-664.3
878.95,-649.287
879.38,-660.596
879.81,-635.354
880.24,-634.981
880.68,-648.195
881.11,-701.032
881.54,-713.485
881.97,-773.889
882.4,-769.251
882.84,-757.212
883.27,-720.203
883.7,-713.035
884.13,-713.817
884.56,-714.671
885,-678.096
885.43,-713.314
885.86,-704.97
886.29,-654.956
886.72,-654.55
887.16,-708.412
887.59,-690.02
888.02,-739.764
888.45,-807.242
888.88,-780.516
889.32,-796.714
889.75,-805.407
890.18,-774.73
890.61,-750.325
891.04,-794.757
891.47,-760.346
891.91,-752.01
892.34,-774.925
892.77,-723.324
893.2,-670.134
893.63,-657.846
894.06,-619.085
894.49,-630.926
894.93,-613.514
895.36,-635.178
895.79,-584.605
896.22,-597.294
896.65,-594.341
897.08,-550.408
897.51,-585.257
897.95,-632.724
898.38,-625.978
898.81,-686.748
899.24,-643.663
899.67,-669.459
900.1,-657.319
900.53,-645.553
900.96,-691.014
901.39,-740.443
901.83,-756.192
902.26,-756.839
902.69,-720.248
903.12,-778.158
903.55,-755.638
903.98,-815.138
904.41,-809.79
904.84,-802.547
905.27,-793.937
905.7,-771.619
906.13,-724.227
906.56,-689.05
907,-736.605
907.43,-766.446
907.86,-750.519
908.29,-762.848
908.72,-700.38
909.15,-738.794
909.58,-757.94
910.01,-836.418
910.44,-790.319
910.87,-807.619
911.3,-859.252
911.73,-837.112
912.16,-844.371
912.59,-870.819
913.02,-868.242
913.45,-902.898
913.88,-829.466
914.31,-814.81
914.74,-767.481
915.17,-816.284
915.6,-774.634
916.03,-798.854
916.46,-804.934
916.89,-783.247
917.32,-755.607
917.76,-735.906
918.19,-748.187
918.62,-797.598
919.05,-779.191
919.48,-770.807
919.91,-763.161
920.33,-772.275
920.76,-713.729
921.19,-682.541
921.62,-726.691
922.05,-736.211
922.48,-749.256
922.91,-749.154
923.34,-727.869
923.77,-703.173
924.2,-721.55
924.63,-736.69
925.06,-716.314
925.49,-732.55
925.92,-749.67
926.35,-735.027
926.78,-728.025
927.21,-722.173
927.64,-775.771
928.07,-779.902
928.5,-814.904
928.93,-801.199
929.36,-800.254
929.79,-848.2
930.22,-818.502
930.65,-816.333
931.07,-824
931.5,-828.624
931.93,-826.75
932.36,-784.644
932.79,-837.568
933.22,-863.573
933.65,-888.596
934.08,-821.501
934.51,-799.245
934.94,-833.635
935.37,-859.745
935.8,-824.482
936.22,-846.329
936.65,-852.457
937.08,-885.16
937.51,-822.02
937.94,-791.207
938.37,-766.116
938.8,-798.702
939.23,-771.812
939.66,-808.286
940.08,-814.506
940.51,-832.318
940.94,-808.465
941.37,-811.559
941.8,-772.706
942.23,-804.081
942.66,-806.639
943.09,-812.019
943.51,-814.301
943.94,-821.12
944.37,-790.791
944.8,-765.37
945.23,-731.811
945.66,-735.889
946.08,-701.054
946.51,-717.609
946.94,-735.232
947.37,-788.19
947.8,-759.115
948.23,-781.411
948.65,-794.702
949.08,-786.619
949.51,-795.102
949.94,-844.392
950.37,-852.532
950.8,-884.171
951.22,-852.212
951.65,-828.479
952.08,-749.544
952.51,-805.765
952.94,-761.885
953.36,-773.868
953.79,-728.9
954.22,-715.778
954.65,-713.415
955.08,-707.82
955.5,-693.028
955.93,-706.799
956.36,-693.729
956.79,-780.346
957.21,-755.309
957.64,-808.074
958.07,-821.845
958.5,-887.154
958.93,-861.272
959.35,-845.632
959.78,-829.408
960.21,-895.316
960.64,-920.198
961.06,-908.789
961.49,-862.918
961.92,-862.51
962.35,-847.97
962.77,-895.607
963.2,-861.775
963.63,-894.36
964.06,-844.055
964.48,-867.838
964.91,-852.286
965.34,-811.993
965.76,-823.06
966.19,-862.896
966.62,-826.042
967.05,-785.862
967.47,-713.222
967.9,-720.008
968.33,-760.922
968.75,-803.177
969.18,-734.994
969.61,-709.89
970.04,-728.77
970.46,-782.845
970.89,-693.975
971.32,-750.023
971.74,-827.745
972.17,-824.47
972.6,-846.34
973.02,-810.562
973.45,-790.098
973.88,-849.093
974.3,-840.537
974.73,-861.14
975.16,-845.862
975.59,-878.867
976.01,-908.668
976.44,-869.873
976.87,-891.917
977.29,-855.812
977.72,-845.531
978.14,-899.702
978.57,-885.857
979,-919.92
979.42,-921.17
979.85,-908.432
980.28,-977.597
980.7,-925.982
981.13,-896.845
981.56,-913.591
981.98,-939.899
982.41,-908.667
982.84,-881.789
983.26,-938.586
983.69,-931.51
984.11,-950.64
984.54,-946.44
984.97,-877.378
985.39,-890.354
985.82,-914.98
986.24,-914.237
986.67,-939.74
987.1,-958.792
987.52,-941.303
987.95,-914.305
988.37,-870.792
988.8,-881.088
989.23,-862.875
989.65,-889.21
990.08,-827.431
990.5,-793.221
990.93,-731.272
991.36,-694.819
991.78,-662.346
992.21,-642.813
992.63,-630.897
993.06,-633.185
993.48,-543.768
993.91,-558.488
994.34,-530.038
994.76,-612
995.19,-691.694
995.61,-701.919
996.04,-700.624
996.46,-687.322
996.89,-708.969
997.31,-692.892
997.74,-725.844
998.16,-807.416
998.59,-804.361
999.02,-812.781
999.44,-772.571
999.87,-764.791
1000.29,-791.957
1000.72,-814.302
1001.14,-894.674
1001.57,-931.096
1001.99,-968.033
1002.42,-988.764
1002.84,-957.104
1003.27,-967.105
1003.69,-985.68
1004.12,-1040.19
1004.54,-1030.94
1004.97,-1076.67
1005.39,-1125.51
1005.82,-1137.67
1006.24,-1089.6
1006.67,-1113.25
1007.09,-1083.82
1007.52,-1034.94
1007.94,-1005.08
1008.37,-997.659
1008.79,-973.573
1009.22,-877.773
1009.64,-828.204
1010.07,-746.989
1010.49,-695.642
1010.92,-745.967
1011.34,-689.331
1011.76,-654.071
1012.19,-677.045
1012.61,-673.321
1013.04,-683.521
1013.46,-701.525
1013.89,-751.889
1014.31,-785.115
1014.74,-791.464
1015.16,-793.131
1015.58,-755.063
1016.01,-725.811
1016.43,-734.498
1016.86,-779.354
1017.28,-763.731
1017.71,-716.03
1018.13,-700.256
1018.55,-749.562
1018.98,-742.375
1019.4,-754.937
1019.83,-706.743
1020.25,-709.196
1020.68,-714.82
1021.1,-723.927
1021.52,-658.638
1021.95,-708.381
1022.37,-677.851
1022.8,-698.934
1023.22,-697.824
1023.64,-733.378
1024.07,-755.936
1024.49,-830.36
1024.92,-843.211
1025.34,-863.196
1025.76,-865.103
1026.19,-874.941
1026.61,-884.676
1027.03,-976.147
1027.46,-924.39
1027.88,-884.029
1028.31,-818.316
1028.73,-835.391
1029.15,-766.034
1029.58,-772.408
1030,-745.975
1030.42,-744.102
1030.85,-756.13
1031.27,-747.579
1031.69,-737.925
1032.12,-806.497
1032.54,-837.494
1032.96,-831.561
1033.39,-797.326
1033.81,-829.449
1034.23,-852.44
1034.66,-875.055
1035.08,-965.039
1035.5,-902.012
1035.93,-913.059
1036.35,-944.925
1036.77,-898.91
1037.2,-919.59
1037.62,-921.398
1038.04,-924.959
1038.47,-925.471
1038.89,-880.597
1039.31,-878.175
1039.73,-785.909
1040.16,-934.58
1040.58,-923.972
1041,-910.481
1041.43,-859.486
1041.85,-724.326
1042.27,-720.606
1042.69,-681.373
1043.12,-742.887
1043.54,-794.181
1043.96,-849.265
1044.39,-855.532
1044.81,-782.384
1045.23,-775
1045.65,-769.178
1046.08,-836.017
1046.5,-893.884
1046.92,-910.645
1047.34,-933.162
1047.77,-884.283
1048.19,-796.839
1048.61,-716.684
1049.03,-743.935
1049.46,-750.726
1049.88,-717.542
1050.3,-676.717
1050.72,-707.121
1051.15,-725.788
1051.57,-696.917
1051.99,-669.426
1052.41,-693.547
1052.84,-817.374
1053.26,-902.262
1053.68,-960.513
1054.1,-987.714
1054.52,-927.805
1054.95,-979.594
1055.37,-915.999
1055.79,-939.954
1056.21,-969.064
1056.63,-991.306
1057.06,-905.032
1057.48,-826.613
1057.9,-833.483
1058.32,-720.686
1058.74,-687.306
1059.17,-756.991
1059.59,-808.911
1060.01,-805.336
1060.43,-816.527
1060.85,-814.487
1061.28,-819.498
1061.7,-857.566
1062.12,-784.527
1062.54,-770.237
1062.96,-858.68
1063.38,-863.604
1063.81,-893.109
1064.23,-859.673
1064.65,-910.835
1065.07,-870.059
1065.49,-904.974
1065.91,-883.346
1066.34,-923.135
1066.76,-1026.57
1067.18,-968.708
1067.6,-832.402
1068.02,-904.039
1068.44,-889.658
1068.86,-852.118
1069.28,-825.059
1069.71,-859.991
1070.13,-829.664
1070.55,-835.109
1070.97,-893.665
1071.39,-873.454
1071.81,-867.16
1072.23,-1107.99
1072.65,-953.729
1073.08,-946.857
1073.5,-916.271
1073.92,-875.127
1074.34,-764.687
1074.76,-804.461
1075.18,-898.942
1075.6,-811.193
1076.02,-831.572
1076.44,-922.182
1076.86,-915.493
1077.29,-1037.63
1077.71,-1171.44
1078.13,-1113.39
1078.55,-1255.82
1078.97,-1322.95
1079.39,-1263.59
1079.81,-1171.51
1080.23,-1154.37
1080.65,-1132.02
1081.07,-945.733
1081.49,-750.149
1081.91,-697.651
1082.33,-481.931
1082.75,-478.812
1083.17,-494.253
1083.6,-493.192
1084.02,-475.594
1084.44,-469.913
1084.86,-489.032
1085.28,-566.87
1085.7,-798.529
1086.12,-742.508
1086.54,-848.804
1086.96,-954.876
1087.38,-1106.17
1087.8,-1001.77
1088.22,-1043.03
1088.64,-1201.83
1089.06,-1223.41
1089.48,-1210.32
1089.9,-1031.28
1090.32,-916.53
1090.74,-1020.43
1091.16,-885.507
1091.58,-732.04
1092,-551.889
1092.42,-441.957
1092.84,-421.729
1093.26,-450.821
1093.68,-449.391
1094.1,-493.954
1094.52,-546.01
1094.94,-552.675
1095.36,-538.468
1095.78,-595.253
1096.2,-928.046
1096.62,-954.892
1097.04,-1159.39
1097.46,-1118.86
1097.88,-897.754
1098.3,-987.007
1098.72,-920.256
1099.14,-1096.44
1099.56,-1206.89
1099.98,-1146.78
1100.4,-1287.61
