wavelength,absorption_coefficient_cm2_per_ug
400.0,0.0666747
401.0,0.0640556
402.0,0.0619332
403.0,0.0599215
404.0,0.058277
405.0,0.0566994
406.0,0.0553657
407.0,0.0541628
408.0,0.0531158
409.0,0.0519797
410.0,0.0509515
411.0,0.0501165
412.0,0.0493873
413.0,0.0486038
414.0,0.0478761
415.0,0.0473795
416.0,0.0468987
417.0,0.0465315
418.0,0.0461572
419.0,0.0457923
420.0,0.0454286
421.0,0.0451439
422.0,0.0448451
423.0,0.0445356
424.0,0.0442495
425.0,0.0441159
426.0,0.0439576
427.0,0.043874
428.0,0.0438046
429.0,0.0438581
430.0,0.0438612
431.0,0.0439124
432.0,0.0439588
433.0,0.0440366
434.0,0.0441105
435.0,0.0442029
436.0,0.0442768
437.0,0.0443989
438.0,0.0445095
439.0,0.0446471
440.0,0.0447865
441.0,0.0449193
442.0,0.0450615
443.0,0.0452269
444.0,0.0454154
445.0,0.0455895
446.0,0.0457528
447.0,0.045857
448.0,0.045994
449.0,0.0461954
450.0,0.0464136
451.0,0.0466797
452.0,0.046953
453.0,0.0471624
454.0,0.04736
455.0,0.0475935
456.0,0.0478138
457.0,0.0480817
458.0,0.0483353
459.0,0.0485953
460.0,0.0488393
461.0,0.0491231
462.0,0.0493705
463.0,0.0496082
464.0,0.0498409
465.0,0.050136
466.0,0.0504203
467.0,0.0507836
468.0,0.0511498
469.0,0.0515566
470.0,0.0519406
471.0,0.0523872
472.0,0.0528197
473.0,0.0534087
474.0,0.0539897
475.0,0.0544621
476.0,0.0549398
477.0,0.055543
478.0,0.0561548
479.0,0.0566378
480.0,0.0571515
481.0,0.0576893
482.0,0.0582652
483.0,0.058847
484.0,0.0594778
485.0,0.0600537
486.0,0.0606698
487.0,0.061221
488.0,0.0618094
489.0,0.0623585
490.0,0.0629224
491.0,0.0634338
492.0,0.0639703
493.0,0.0644618
494.0,0.0649644
495.0,0.0654305
496.0,0.0659096
497.0,0.0663776
498.0,0.0668519
499.0,0.0673086
500.0,0.0677709
501.0,0.0681326
502.0,0.0684792
503.0,0.0688146
504.0,0.0691402
505.0,0.0693615
506.0,0.069563
507.0,0.069828
508.0,0.0700735
509.0,0.0702792
510.0,0.0704719
511.0,0.0706789
512.0,0.0708719
513.0,0.0710254
514.0,0.0711652
515.0,0.0712852
516.0,0.0713896
517.0,0.0714865
518.0,0.0715735
519.0,0.0716303
520.0,0.0716821
521.0,0.0717393
522.0,0.0717754
523.0,0.0718152
524.0,0.0718641
525.0,0.0719587
526.0,0.0720597
527.0,0.0721526
528.0,0.0722403
529.0,0.0722952
530.0,0.0723492
531.0,0.0724141
532.0,0.0724758
533.0,0.0725103
534.0,0.0725285
535.0,0.0725289
536.0,0.0725061
537.0,0.0724327
538.0,0.0723404
539.0,0.0722102
540.0,0.0720633
541.0,0.0718369
542.0,0.0716024
543.0,0.0713427
544.0,0.0710671
545.0,0.0707065
546.0,0.0703069
547.0,0.0698401
548.0,0.0693554
549.0,0.0687563
550.0,0.0681398
551.0,0.06744
552.0,0.0667326
553.0,0.0659041
554.0,0.0650612
555.0,0.0642103
556.0,0.0633575
557.0,0.0624373
558.0,0.0615175
559.0,0.0605785
560.0,0.0596515
561.0,0.0586113
562.0,0.057591
563.0,0.0565542
564.0,0.0555431
565.0,0.0543786
566.0,0.0532432
567.0,0.052056
568.0,0.0509
569.0,0.0496714
570.0,0.0484808
571.0,0.0473085
572.0,0.0461743
573.0,0.0450001
574.0,0.0438705
575.0,0.0427812
576.0,0.0417338
577.0,0.0406179
578.0,0.0395431
579.0,0.0384569
580.0,0.037412
581.0,0.0362003
582.0,0.0350426
583.0,0.0339189
584.0,0.0328458
585.0,0.0317012
586.0,0.0306065
587.0,0.0296161
588.0,0.0286652
589.0,0.0277151
590.0,0.0268029
591.0,0.0259512
592.0,0.0251335
593.0,0.0242929
594.0,0.0234865
595.0,0.0226866
596.0,0.0219176
597.0,0.0210849
598.0,0.0202843
599.0,0.0194972
600.0,0.0187401
601.0,0.017977
602.0,0.0172421
603.0,0.0166044
604.0,0.015987
605.0,0.0154096
606.0,0.0148447
607.0,0.0143173
608.0,0.0138003
609.0,0.0132952
610.0,0.0128011
611.0,0.0123363
612.0,0.0118837
613.0,0.0113936
614.0,0.0109184
615.0,0.0104635
616.0,0.0100219
617.0,0.00958084
618.0,0.00915534
619.0,0.00877663
620.0,0.00841103
621.0,0.00805235
622.0,0.00770727
623.0,0.00737548
624.0,0.00705665
625.0,0.00675045
626.0,0.00645657
627.0,0.00617467
628.0,0.00590444
629.0,0.00564554
630.0,0.00539765
631.0,0.00516045
632.0,0.00493362
633.0,0.00471682
634.0,0.00450973
635.0,0.00431204
636.0,0.00412341
637.0,0.00394352
638.0,0.00377204
639.0,0.00360865
640.0,0.00345303
641.0,0.00330485
642.0,0.00316378
643.0,0.00302951
644.0,0.0029017
645.0,0.00278004
646.0,0.00266419
647.0,0.00255383
648.0,0.00244865
649.0,0.0023483
650.0,0.00225247
651.0,0.00216084
652.0,0.00207308
653.0,0.00198886
654.0,0.00190786
655.0,0.00182975
656.0,0.00175422
657.0,0.00168093
658.0,0.00160956
659.0,0.00153979
660.0,0.00147128
661.0,0.00140373
662.0,0.0013368
663.0,0.00127016
664.0,0.0012035
665.0,0.00113648
666.0,0.00106879
667.0,0.0010001
668.0,0.000930077
669.0,0.000858406
670.0,0.000784759
671.0,0.000710017
672.0,0.000638835
673.0,0.000571243
674.0,0.000507271
675.0,0.000446948
676.0,0.000390303
677.0,0.000337366
678.0,0.000288166
679.0,0.000242734
680.0,0.000201097
681.0,0.000163286
682.0,0.00012933
683.0,9.92589e-05
684.0,7.31016e-05
685.0,5.08877e-05
686.0,3.26466e-05
687.0,1.84079e-05
688.0,8.20091e-06
689.0,2.05514e-06
690.0,0.0
691.0,0.0
692.0,0.0
693.0,0.0
694.0,0.0
695.0,0.0
696.0,0.0
697.0,0.0
698.0,0.0
699.0,0.0
700.0,0.0
701.0,0.0
702.0,0.0
703.0,0.0
704.0,0.0
705.0,0.0
706.0,0.0
707.0,0.0
708.0,0.0
709.0,0.0
710.0,0.0
711.0,0.0
712.0,0.0
713.0,0.0
714.0,0.0
715.0,0.0
716.0,0.0
717.0,0.0
718.0,0.0
719.0,0.0
720.0,0.0
721.0,0.0
722.0,0.0
723.0,0.0
724.0,0.0
725.0,0.0
726.0,0.0
727.0,0.0
728.0,0.0
729.0,0.0
730.0,0.0
731.0,0.0
732.0,0.0
733.0,0.0
734.0,0.0
735.0,0.0
736.0,0.0
737.0,0.0
738.0,0.0
739.0,0.0
740.0,0.0
741.0,0.0
742.0,0.0
743.0,0.0
744.0,0.0
745.0,0.0
746.0,0.0
747.0,0.0
748.0,0.0
749.0,0.0
750.0,0.0
751.0,0.0
752.0,0.0
753.0,0.0
754.0,0.0
755.0,0.0
756.0,0.0
757.0,0.0
758.0,0.0
759.0,0.0
760.0,0.0
761.0,0.0
762.0,0.0
763.0,0.0
764.0,0.0
765.0,0.0
766.0,0.0
767.0,0.0
768.0,0.0
769.0,0.0
770.0,0.0
771.0,0.0
772.0,0.0
773.0,0.0
774.0,0.0
775.0,0.0
776.0,0.0
777.0,0.0
778.0,0.0
779.0,0.0
780.0,0.0
781.0,0.0
782.0,0.0
783.0,0.0
784.0,0.0
785.0,0.0
786.0,0.0
787.0,0.0
788.0,0.0
789.0,0.0
790.0,0.0
791.0,0.0
792.0,0.0
793.0,0.0
794.0,0.0
795.0,0.0
796.0,0.0
797.0,0.0
798.0,0.0
799.0,0.0
800.0,0.0
