pigment,wavelength_nm,trace_x_px,trace_y_px,specific_absorption_cm2_per_ug
chlorophyll,400,145.0,561,0.068981
chlorophyll,405,157.41,575,0.0625
chlorophyll,410,169.83,577,0.061574
chlorophyll,420,194.66,576,0.062037
chlorophyll,430,219.49,572,0.063889
chlorophyll,435,231.9,569,0.065278
chlorophyll,440,244.31,574,0.062963
chlorophyll,445,256.73,590,0.055556
chlorophyll,450,269.14,610,0.046296
chlorophyll,460,293.97,631,0.036574
chlorophyll,470,318.8,637,0.033796
chlorophyll,480,343.63,647,0.029167
chlorophyll,490,368.46,661,0.022685
chlorophyll,500,393.29,678,0.014815
chlorophyll,510,418.11,694,0.007407
chlorophyll,520,442.94,702,0.003704
chlorophyll,530,467.77,701,0.004167
chlorophyll,540,492.6,695,0.006944
chlorophyll,550,517.43,689,0.009722
chlorophyll,560,542.26,685,0.011574
chlorophyll,570,567.09,680,0.013889
chlorophyll,580,591.91,673,0.01713
chlorophyll,590,616.74,668,0.019444
chlorophyll,600,641.57,665,0.020833
chlorophyll,610,666.4,661,0.022685
chlorophyll,620,691.23,654,0.025926
chlorophyll,630,716.06,651,0.027315
chlorophyll,640,740.89,646,0.02963
chlorophyll,650,765.71,632,0.036111
chlorophyll,660,790.54,618,0.042593
chlorophyll,670,815.37,581,0.059722
chlorophyll,675,827.79,559,0.069907
chlorophyll,680,840.2,559,0.069907
chlorophyll,685,852.61,579,0.060648
chlorophyll,690,865.03,612,0.04537
chlorophyll,695,877.44,650,0.027778
chlorophyll,700,889.86,673,0.01713
chlorophyll,710,914.69,696,0.006481
chlorophyll,720,939.51,704,0.002778
chlorophyll,730,964.34,708,0.000926
chlorophyll,740,989.17,710,0
chlorophyll,750,1014.0,710,0
carotenoids,400,145.0,310,0.185185
carotenoids,405,157.41,325,0.178241
carotenoids,410,169.83,333,0.174537
carotenoids,420,194.66,336,0.173148
carotenoids,430,219.49,341,0.170833
carotenoids,440,244.31,340,0.171296
carotenoids,445,256.73,341,0.170833
carotenoids,450,269.14,345,0.168981
carotenoids,460,293.97,374,0.155556
carotenoids,470,318.8,403,0.14213
carotenoids,480,343.63,410,0.138889
carotenoids,485,356.04,421,0.133796
carotenoids,490,368.46,442,0.124074
carotenoids,500,393.29,494,0.1
carotenoids,510,418.11,554,0.072222
carotenoids,520,442.94,609,0.046759
carotenoids,530,467.77,653,0.026389
carotenoids,540,492.6,685,0.011574
carotenoids,550,517.43,705,0.002315
carotenoids,555,529.84,709,0.000463
carotenoids,560,542.26,710,0
carotenoids,570,567.09,710,0
carotenoids,580,591.91,710,0
carotenoids,590,616.74,710,0
carotenoids,600,641.57,710,0
carotenoids,610,666.4,710,0
carotenoids,620,691.23,710,0
carotenoids,630,716.06,710,0
carotenoids,640,740.89,710,0
carotenoids,650,765.71,710,0
carotenoids,660,790.54,710,0
carotenoids,670,815.37,710,0
carotenoids,680,840.2,710,0
carotenoids,690,865.03,710,0
carotenoids,700,889.86,710,0
carotenoids,710,914.69,710,0
carotenoids,720,939.51,710,0
carotenoids,730,964.34,710,0
carotenoids,740,989.17,710,0
carotenoids,750,1014.0,710,0
anthocyanin,400,145.0,542,0.077778
anthocyanin,405,157.41,579,0.060648
anthocyanin,410,169.83,596,0.052778
anthocyanin,420,194.66,608,0.047222
anthocyanin,430,219.49,612,0.04537
anthocyanin,440,244.31,610,0.046296
anthocyanin,450,269.14,606,0.048148
anthocyanin,460,293.97,600,0.050926
anthocyanin,470,318.8,594,0.053704
anthocyanin,480,343.63,582,0.059259
anthocyanin,490,368.46,570,0.064815
anthocyanin,495,380.87,566,0.066667
anthocyanin,500,393.29,567,0.066204
anthocyanin,510,418.11,574,0.062963
anthocyanin,520,442.94,583,0.058796
anthocyanin,530,467.77,590,0.055556
anthocyanin,540,492.6,593,0.054167
anthocyanin,550,517.43,598,0.051852
anthocyanin,560,542.26,606,0.048148
anthocyanin,570,567.09,619,0.04213
anthocyanin,580,591.91,636,0.034259
anthocyanin,590,616.74,653,0.026389
anthocyanin,600,641.57,671,0.018056
anthocyanin,610,666.4,685,0.011574
anthocyanin,620,691.23,694,0.007407
anthocyanin,630,716.06,701,0.004167
anthocyanin,640,740.89,705,0.002315
anthocyanin,650,765.71,708,0.000926
anthocyanin,660,790.54,709,0.000463
anthocyanin,670,815.37,710,0
anthocyanin,680,840.2,710,0
anthocyanin,690,865.03,710,0
anthocyanin,700,889.86,710,0
anthocyanin,710,914.69,710,0
anthocyanin,720,939.51,710,0
anthocyanin,730,964.34,710,0
anthocyanin,740,989.17,710,0
anthocyanin,750,1014.0,710,0
